Trial #	Score1	Score2	Score3	Trades1	Trades2	Trades3	Fees1	Fees2	Fees3	Winrate1	Winrate2	Winrate3	Average	Deviation	Parameters
40	1.31	0.63	4.38	758	122	62	10370.21	979.37	639.42	51	48	66	2.107	1.99791	{'ott_len': 35, 'ott_percent': 129, 'ott_bw_up': 111, 'tps_qty_index': 65, 'max_risk_long': 85}
62	1.25	0.62	4.3	513	75	51	5625.13	641.13	483.88	58	57	69	2.057	1.96815	{'ott_len': 56, 'ott_percent': 182, 'ott_bw_up': 134, 'tps_qty_index': 104, 'max_risk_long': 64}
97	1.11	-0.55	3.88	614	91	58	5872.13	680.91	581.45	48	43	64	1.48	2.23806	{'ott_len': 35, 'ott_percent': 129, 'ott_bw_up': 111, 'tps_qty_index': 20, 'max_risk_long': 40}
104	1.36	-0.14	4.57	253	30	18	4635.41	246.56	163.22	58	53	83	1.93	2.40618	{'ott_len': 57, 'ott_percent': 218, 'ott_bw_up': 172, 'tps_qty_index': 72, 'max_risk_long': 67}
136	1.4	1.93	3.05	589	89	46	11091.48	791.64	449.25	53	52	63	2.127	0.8424	{'ott_len': 33, 'ott_percent': 170, 'ott_bw_up': 143, 'tps_qty_index': 64, 'max_risk_long': 97}
139	1.22	-0.18	3.89	683	98	60	11518.62	847.96	602.27	49	47	55	1.643	2.06776	{'ott_len': 66, 'ott_percent': 78, 'ott_bw_up': 73, 'tps_qty_index': 57, 'max_risk_long': 65}
184	1.09	0.2	4.36	227	25	15	2897.8	193.22	136.13	54	44	80	1.883	2.19053	{'ott_len': 70, 'ott_percent': 170, 'ott_bw_up': 149, 'tps_qty_index': 0, 'max_risk_long': 91}
187	1.17	2.02	2.27	52	1	3	540.75	7.92	23.93	62	100	67	1.82	0.57663	{'ott_len': 70, 'ott_percent': 78, 'ott_bw_up': 139, 'tps_qty_index': 29, 'max_risk_long': 67}
205	1.11	1.71	3.8	525	75	46	5835.66	738.67	460.32	54	56	63	2.207	1.4121	{'ott_len': 60, 'ott_percent': 105, 'ott_bw_up': 95, 'tps_qty_index': 65, 'max_risk_long': 81}
231	1.5	1.29	3.48	81	5	9	833.66	39.2	76.08	58	40	89	2.09	1.20835	{'ott_len': 40, 'ott_percent': 78, 'ott_bw_up': 149, 'tps_qty_index': 42, 'max_risk_long': 56}
237	1.32	0.85	4.31	252	34	19	4446.17	274.61	169.76	55	56	68	2.16	1.87673	{'ott_len': 57, 'ott_percent': 218, 'ott_bw_up': 175, 'tps_qty_index': 0, 'max_risk_long': 91}
245	1.01	1.58	3.05	246	25	20	2275.08	195.95	170.39	47	44	65	1.88	1.05257	{'ott_len': 28, 'ott_percent': 170, 'ott_bw_up': 169, 'tps_qty_index': 2, 'max_risk_long': 48}
248	1.43	2.13	3.81	387	55	30	4876.16	556.01	271.79	57	62	63	2.457	1.22317	{'ott_len': 63, 'ott_percent': 170, 'ott_bw_up': 134, 'tps_qty_index': 69, 'max_risk_long': 72}
254	1.24	-0.11	3.94	574	89	52	7098.11	759.28	483.31	54	47	58	1.69	2.06216	{'ott_len': 69, 'ott_percent': 158, 'ott_bw_up': 114, 'tps_qty_index': 65, 'max_risk_long': 70}
266	1.09	1.59	3.15	89	3	8	863.95	24.53	65.99	57	67	88	1.943	1.07449	{'ott_len': 45, 'ott_percent': 78, 'ott_bw_up': 149, 'tps_qty_index': 112, 'max_risk_long': 65}
269	1.38	1.94	4.69	390	46	31	5747.15	451.3	280.94	56	63	68	2.67	1.77164	{'ott_len': 69, 'ott_percent': 105, 'ott_bw_up': 98, 'tps_qty_index': 65, 'max_risk_long': 66}
272	1.19	-0.8	3.52	495	76	40	8287.86	546.46	394.56	52	45	68	1.303	2.16223	{'ott_len': 39, 'ott_percent': 170, 'ott_bw_up': 143, 'tps_qty_index': 64, 'max_risk_long': 97}
284	1.6	1.8	3.87	777	136	71	15449.98	1315.13	697.09	53	52	62	2.423	1.25683	{'ott_len': 33, 'ott_percent': 129, 'ott_bw_up': 111, 'tps_qty_index': 65, 'max_risk_long': 81}
286	1.3	-0.53	3.61	679	107	61	8657.08	788.77	610.46	50	45	64	1.46	2.07463	{'ott_len': 35, 'ott_percent': 129, 'ott_bw_up': 111, 'tps_qty_index': 20, 'max_risk_long': 45}
295	2.05	0.31	4.4	216	22	19	3688.33	179.86	177.81	57	45	84	2.253	2.05257	{'ott_len': 70, 'ott_percent': 170, 'ott_bw_up': 138, 'tps_qty_index': 64, 'max_risk_long': 52}
318	1.0	1.18	3.08	88	3	8	881.83	24.57	66.27	57	67	88	1.753	1.15245	{'ott_len': 45, 'ott_percent': 78, 'ott_bw_up': 149, 'tps_qty_index': 37, 'max_risk_long': 65}
323	1.27	1.46	3.86	178	16	16	2182.9	132.08	143.5	56	56	75	2.197	1.44362	{'ott_len': 52, 'ott_percent': 105, 'ott_bw_up': 134, 'tps_qty_index': 69, 'max_risk_long': 69}
342	1.79	1.27	4.05	365	47	26	7002.26	412.01	230.16	60	66	73	2.37	1.47797	{'ott_len': 66, 'ott_percent': 78, 'ott_bw_up': 88, 'tps_qty_index': 42, 'max_risk_long': 65}
353	1.33	2.03	2.47	63	1	5	620.2	7.91	40.69	60	100	80	1.943	0.57492	{'ott_len': 64, 'ott_percent': 78, 'ott_bw_up': 139, 'tps_qty_index': 42, 'max_risk_long': 67}
354	1.22	-0.32	3.44	115	8	10	1361.56	61.54	85.04	56	38	90	1.447	1.89022	{'ott_len': 70, 'ott_percent': 70, 'ott_bw_up': 112, 'tps_qty_index': 37, 'max_risk_long': 65}
373	1.51	0.6	4.76	207	26	13	2739.75	213.61	118.24	62	50	100	2.29	2.18694	{'ott_len': 68, 'ott_percent': 218, 'ott_bw_up': 172, 'tps_qty_index': 80, 'max_risk_long': 67}
390	1.0	1.93	3.68	228	23	16	2492.28	188.63	138.88	64	78	75	2.203	1.36075	{'ott_len': 31, 'ott_percent': 105, 'ott_bw_up': 147, 'tps_qty_index': 110, 'max_risk_long': 66}
402	1.76	0.91	4.41	345	42	28	6409.95	360.39	261.25	59	60	75	2.36	1.82551	{'ott_len': 70, 'ott_percent': 129, 'ott_bw_up': 111, 'tps_qty_index': 37, 'max_risk_long': 65}
411	1.5	1.32	4.09	148	18	12	1649.36	150.52	104.19	59	56	92	2.303	1.54991	{'ott_len': 40, 'ott_percent': 78, 'ott_bw_up': 136, 'tps_qty_index': 17, 'max_risk_long': 65}
412	1.7	0.63	4.68	203	26	13	2727.91	212.14	114.2	62	50	92	2.337	2.09872	{'ott_len': 68, 'ott_percent': 218, 'ott_bw_up': 172, 'tps_qty_index': 112, 'max_risk_long': 66}
414	1.78	2.86	3.29	230	20	20	3208.99	166.06	175.74	55	65	70	2.643	0.77797	{'ott_len': 33, 'ott_percent': 129, 'ott_bw_up': 149, 'tps_qty_index': 65, 'max_risk_long': 52}
415	1.14	0.62	2.12	949	132	101	12032.5	1134.5	1029.63	41	40	47	1.293	0.76166	{'ott_len': 33, 'ott_percent': 479, 'ott_bw_up': 175, 'tps_qty_index': 0, 'max_risk_long': 81}
418	1.29	1.61	4.39	462	61	37	6091.85	520.09	346.48	60	66	78	2.43	1.70493	{'ott_len': 57, 'ott_percent': 78, 'ott_bw_up': 88, 'tps_qty_index': 50, 'max_risk_long': 85}
452	1.36	-0.07	4.09	419	52	38	5420.77	419.54	365.8	58	54	71	1.793	2.11358	{'ott_len': 58, 'ott_percent': 105, 'ott_bw_up': 99, 'tps_qty_index': 50, 'max_risk_long': 52}
453	1.39	1.35	4.78	307	36	20	5259.58	304.48	190.32	60	61	80	2.507	1.96887	{'ott_len': 53, 'ott_percent': 170, 'ott_bw_up': 147, 'tps_qty_index': 69, 'max_risk_long': 72}
454	1.41	0.82	4.57	347	45	27	5282.88	364.54	250.86	63	60	81	2.267	2.01644	{'ott_len': 54, 'ott_percent': 170, 'ott_bw_up': 143, 'tps_qty_index': 84, 'max_risk_long': 100}
455	1.43	1.94	4.19	445	57	37	6283.56	506.78	347.83	58	63	78	2.52	1.46857	{'ott_len': 57, 'ott_percent': 78, 'ott_bw_up': 88, 'tps_qty_index': 42, 'max_risk_long': 71}
462	1.43	0.44	3.78	241	25	17	3293.15	204.16	150.72	56	48	88	1.883	1.71553	{'ott_len': 70, 'ott_percent': 70, 'ott_bw_up': 93, 'tps_qty_index': 72, 'max_risk_long': 65}
471	1.58	0.55	3.05	277	26	20	4901.72	216.29	179.67	59	54	75	1.727	1.25644	{'ott_len': 54, 'ott_percent': 97, 'ott_bw_up': 111, 'tps_qty_index': 65, 'max_risk_long': 59}
476	1.61	1.79	3.89	810	137	71	15758.92	1349.73	702.63	53	51	62	2.43	1.2676	{'ott_len': 33, 'ott_percent': 129, 'ott_bw_up': 111, 'tps_qty_index': 61, 'max_risk_long': 81}
479	1.42	2.87	3.17	201	16	16	2411.12	131.21	139.71	58	56	75	2.487	0.93586	{'ott_len': 31, 'ott_percent': 103, 'ott_bw_up': 147, 'tps_qty_index': 41, 'max_risk_long': 55}
481	1.29	-0.06	2.51	525	86	42	9366.33	658.92	380.06	56	55	62	1.247	1.28555	{'ott_len': 29, 'ott_percent': 218, 'ott_bw_up': 172, 'tps_qty_index': 112, 'max_risk_long': 66}
485	1.42	1.29	3.48	85	5	9	842.74	39.2	76.08	56	40	89	2.063	1.22859	{'ott_len': 40, 'ott_percent': 78, 'ott_bw_up': 147, 'tps_qty_index': 42, 'max_risk_long': 56}
487	1.3	-1.0	3.83	180	21	17	2099.44	171.06	153.77	58	43	76	1.377	2.41591	{'ott_len': 54, 'ott_percent': 129, 'ott_bw_up': 140, 'tps_qty_index': 65, 'max_risk_long': 65}
494	1.11	-0.07	4.04	509	82	39	6801.51	617.01	350.15	64	57	77	1.693	2.11618	{'ott_len': 31, 'ott_percent': 218, 'ott_bw_up': 172, 'tps_qty_index': 110, 'max_risk_long': 91}
499	1.06	5.05	3.41	102	9	11	966.74	77.41	93.16	42	89	73	3.173	2.0055	{'ott_len': 33, 'ott_percent': 78, 'ott_bw_up': 147, 'tps_qty_index': 59, 'max_risk_long': 49}
510	1.42	1.48	3.08	80	5	9	801.23	39.28	75.48	57	40	89	1.993	0.94156	{'ott_len': 40, 'ott_percent': 78, 'ott_bw_up': 149, 'tps_qty_index': 17, 'max_risk_long': 56}
511	1.04	-0.97	5.17	435	51	36	6120.45	374.81	353.68	54	45	78	1.747	3.1304	{'ott_len': 40, 'ott_percent': 78, 'ott_bw_up': 99, 'tps_qty_index': 42, 'max_risk_long': 56}
513	1.8	0.26	5.63	290	32	24	5051.5	265.79	231.99	59	53	88	2.563	2.76518	{'ott_len': 70, 'ott_percent': 129, 'ott_bw_up': 116, 'tps_qty_index': 37, 'max_risk_long': 65}
521	1.33	1.28	3.54	666	97	56	12018.49	862.47	540.99	52	45	64	2.05	1.29062	{'ott_len': 33, 'ott_percent': 129, 'ott_bw_up': 117, 'tps_qty_index': 22, 'max_risk_long': 59}
539	1.08	5.71	3.55	111	8	10	1031.57	67.84	84.41	59	100	90	3.447	2.31673	{'ott_len': 31, 'ott_percent': 78, 'ott_bw_up': 147, 'tps_qty_index': 110, 'max_risk_long': 49}
542	1.29	1.84	4.11	430	52	37	5966.64	458.04	347.63	55	54	78	2.413	1.49487	{'ott_len': 57, 'ott_percent': 78, 'ott_bw_up': 88, 'tps_qty_index': 72, 'max_risk_long': 65}
548	1.12	1.37	2.74	97	6	9	1129.27	47.87	78.15	58	67	100	1.743	0.87214	{'ott_len': 66, 'ott_percent': 78, 'ott_bw_up': 124, 'tps_qty_index': 65, 'max_risk_long': 67}
550	1.45	1.03	4.16	148	18	12	1607.46	148.17	102.36	62	56	92	2.213	1.69889	{'ott_len': 40, 'ott_percent': 78, 'ott_bw_up': 136, 'tps_qty_index': 48, 'max_risk_long': 65}
552	1.48	0.5	4.4	343	45	25	5081.56	379.86	230.55	57	56	76	2.127	2.02883	{'ott_len': 70, 'ott_percent': 78, 'ott_bw_up': 88, 'tps_qty_index': 64, 'max_risk_long': 71}
556	1.02	3.27	3.87	186	19	13	1916.37	173.46	112.76	52	68	77	2.72	1.5025	{'ott_len': 35, 'ott_percent': 78, 'ott_bw_up': 138, 'tps_qty_index': 9, 'max_risk_long': 65}
566	1.61	0.56	4.03	761	124	69	12355.56	1022.55	690.55	54	54	67	2.067	1.7795	{'ott_len': 33, 'ott_percent': 129, 'ott_bw_up': 111, 'tps_qty_index': 41, 'max_risk_long': 52}
573	1.47	0.53	4.05	682	110	62	11276.41	889.96	633.27	56	57	71	2.017	1.82256	{'ott_len': 33, 'ott_percent': 170, 'ott_bw_up': 134, 'tps_qty_index': 47, 'max_risk_long': 52}
576	1.18	2.82	3.02	187	16	15	1932.44	130.77	129.8	57	56	73	2.34	1.00955	{'ott_len': 31, 'ott_percent': 103, 'ott_bw_up': 147, 'tps_qty_index': 42, 'max_risk_long': 52}
581	1.15	2.1	3.03	605	88	50	8943.89	770.84	455.03	53	50	62	2.093	0.94002	{'ott_len': 33, 'ott_percent': 105, 'ott_bw_up': 111, 'tps_qty_index': 27, 'max_risk_long': 91}
593	1.39	-0.03	5.22	198	25	14	2407.3	195.97	124.45	60	44	93	2.193	2.71563	{'ott_len': 68, 'ott_percent': 218, 'ott_bw_up': 173, 'tps_qty_index': 112, 'max_risk_long': 66}
598	1.91	0.7	3.84	267	31	22	4572.62	257.56	194.48	59	52	77	2.15	1.5837	{'ott_len': 70, 'ott_percent': 170, 'ott_bw_up': 134, 'tps_qty_index': 69, 'max_risk_long': 52}
599	1.48	0.41	4.23	317	36	24	4642.86	299.01	218.51	57	58	79	2.04	1.97061	{'ott_len': 70, 'ott_percent': 78, 'ott_bw_up': 88, 'tps_qty_index': 72, 'max_risk_long': 61}
608	1.19	0.6	4.04	499	76	39	7051.27	615.51	350.15	64	58	77	1.943	1.83957	{'ott_len': 31, 'ott_percent': 218, 'ott_bw_up': 172, 'tps_qty_index': 110, 'max_risk_long': 66}
613	1.9	3.07	3.2	235	21	20	3520.91	178.25	173.72	53	57	70	2.723	0.71598	{'ott_len': 33, 'ott_percent': 129, 'ott_bw_up': 149, 'tps_qty_index': 59, 'max_risk_long': 52}
614	1.44	0.77	4.28	343	45	29	4937.46	372.32	267.31	59	51	72	2.163	1.86345	{'ott_len': 68, 'ott_percent': 218, 'ott_bw_up': 157, 'tps_qty_index': 112, 'max_risk_long': 66}
615	1.12	2.79	2.19	68	3	8	669.01	24.31	64.98	63	100	75	2.033	0.84595	{'ott_len': 55, 'ott_percent': 78, 'ott_bw_up': 143, 'tps_qty_index': 31, 'max_risk_long': 67}
617	1.45	0.94	4.33	525	73	49	8008.68	592.37	479.71	55	55	71	2.24	1.82787	{'ott_len': 48, 'ott_percent': 78, 'ott_bw_up': 88, 'tps_qty_index': 42, 'max_risk_long': 65}
622	1.2	0.7	4.81	495	67	41	5768.02	612.89	419.18	53	54	66	2.237	2.24255	{'ott_len': 58, 'ott_percent': 105, 'ott_bw_up': 97, 'tps_qty_index': 27, 'max_risk_long': 65}
625	1.32	-0.1	2.83	748	111	82	10784.28	850.82	808.11	48	44	50	1.35	1.46523	{'ott_len': 57, 'ott_percent': 218, 'ott_bw_up': 139, 'tps_qty_index': 3, 'max_risk_long': 71}
633	1.78	0.67	3.32	265	31	22	3848.85	255.05	187.7	65	58	77	1.923	1.3308	{'ott_len': 70, 'ott_percent': 170, 'ott_bw_up': 134, 'tps_qty_index': 109, 'max_risk_long': 52}
635	1.57	-0.25	3.39	753	124	70	11697.97	960.99	676.68	52	47	60	1.57	1.82	{'ott_len': 33, 'ott_percent': 129, 'ott_bw_up': 111, 'tps_qty_index': 61, 'max_risk_long': 49}
637	1.53	-0.66	3.14	86	6	9	888.27	46.45	74.15	60	33	78	1.337	1.90736	{'ott_len': 42, 'ott_percent': 78, 'ott_bw_up': 143, 'tps_qty_index': 42, 'max_risk_long': 55}
645	1.67	-0.73	3.17	270	28	23	4010.43	215.96	202.47	63	50	70	1.37	1.96723	{'ott_len': 63, 'ott_percent': 170, 'ott_bw_up': 138, 'tps_qty_index': 48, 'max_risk_long': 52}
647	1.0	1.78	2.94	263	26	22	2325.4	219.08	191.56	54	50	64	1.907	0.97618	{'ott_len': 31, 'ott_percent': 129, 'ott_bw_up': 149, 'tps_qty_index': 65, 'max_risk_long': 52}
651	1.13	5.58	3.89	148	18	11	1444.8	162.21	93.38	65	89	91	3.533	2.24634	{'ott_len': 33, 'ott_percent': 78, 'ott_bw_up': 149, 'tps_qty_index': 89, 'max_risk_long': 67}
652	1.12	2.06	2.56	187	16	15	1847.93	127.95	129.36	49	44	67	1.913	0.73112	{'ott_len': 31, 'ott_percent': 103, 'ott_bw_up': 147, 'tps_qty_index': 3, 'max_risk_long': 52}
660	1.45	4.27	3.84	298	35	20	4756.41	336.45	176.61	57	71	80	3.187	1.51929	{'ott_len': 33, 'ott_percent': 129, 'ott_bw_up': 149, 'tps_qty_index': 41, 'max_risk_long': 79}
662	1.11	-0.61	4.98	254	37	18	2891.31	280.09	161.15	67	62	89	1.827	2.86308	{'ott_len': 63, 'ott_percent': 170, 'ott_bw_up': 147, 'tps_qty_index': 110, 'max_risk_long': 91}
667	1.15	4.64	4.08	244	30	15	2737.03	293.31	129.16	61	77	80	3.29	1.87433	{'ott_len': 32, 'ott_percent': 103, 'ott_bw_up': 147, 'tps_qty_index': 84, 'max_risk_long': 91}
670	1.06	2.8	3.79	738	115	66	9518.22	1161.5	596.3	50	51	65	2.55	1.38206	{'ott_len': 31, 'ott_percent': 129, 'ott_bw_up': 116, 'tps_qty_index': 93, 'max_risk_long': 82}
671	1.15	5.53	3.79	139	10	12	1334.27	86.33	102.83	50	80	83	3.49	2.20536	{'ott_len': 35, 'ott_percent': 78, 'ott_bw_up': 138, 'tps_qty_index': 64, 'max_risk_long': 52}
673	1.11	-0.11	2.28	95	12	10	1009.54	94.17	84.48	49	42	70	1.093	1.19509	{'ott_len': 59, 'ott_percent': 82, 'ott_bw_up': 121, 'tps_qty_index': 64, 'max_risk_long': 52}
678	1.23	2.14	3.03	151	18	14	1807.11	156.63	122.62	55	67	86	2.133	0.90002	{'ott_len': 66, 'ott_percent': 78, 'ott_bw_up': 111, 'tps_qty_index': 37, 'max_risk_long': 65}
683	1.44	0.87	4.23	367	43	29	5083.93	384.66	274.34	53	49	66	2.18	1.79808	{'ott_len': 63, 'ott_percent': 129, 'ott_bw_up': 111, 'tps_qty_index': 10, 'max_risk_long': 52}
686	1.51	-0.15	2.13	763	114	82	13599.14	975.17	747.88	53	46	54	1.163	1.17887	{'ott_len': 70, 'ott_percent': 170, 'ott_bw_up': 111, 'tps_qty_index': 37, 'max_risk_long': 65}
698	1.07	3.22	3.78	345	36	28	4351.53	356.66	248.17	49	53	71	2.69	1.43063	{'ott_len': 33, 'ott_percent': 141, 'ott_bw_up': 147, 'tps_qty_index': 59, 'max_risk_long': 59}
711	1.62	1.05	3.38	870	141	80	17401.44	1305.16	790.39	50	47	56	2.017	1.21459	{'ott_len': 33, 'ott_percent': 129, 'ott_bw_up': 108, 'tps_qty_index': 59, 'max_risk_long': 79}
713	1.26	3.08	3.52	337	36	28	4168.75	319.74	248.75	61	69	71	2.62	1.19817	{'ott_len': 31, 'ott_percent': 141, 'ott_bw_up': 147, 'tps_qty_index': 110, 'max_risk_long': 54}
719	1.01	2.7	3.88	419	49	32	6094.48	476.66	295.58	54	55	72	2.53	1.44253	{'ott_len': 31, 'ott_percent': 129, 'ott_bw_up': 136, 'tps_qty_index': 17, 'max_risk_long': 65}
728	1.68	3.29	3.87	264	23	20	4420.51	192.75	176.13	58	70	75	2.947	1.13465	{'ott_len': 33, 'ott_percent': 129, 'ott_bw_up': 149, 'tps_qty_index': 98, 'max_risk_long': 61}
730	1.39	4.42	4.0	209	19	13	2512.88	174.03	113.22	62	79	92	3.27	1.64162	{'ott_len': 32, 'ott_percent': 103, 'ott_bw_up': 149, 'tps_qty_index': 84, 'max_risk_long': 67}
731	1.7	-0.31	4.71	252	28	21	4344.75	221.59	196.1	59	54	86	2.033	2.52655	{'ott_len': 70, 'ott_percent': 170, 'ott_bw_up': 140, 'tps_qty_index': 65, 'max_risk_long': 65}
734	1.27	5.25	4.46	233	24	14	2639.43	224.74	120.42	65	75	86	3.66	2.10715	{'ott_len': 32, 'ott_percent': 103, 'ott_bw_up': 149, 'tps_qty_index': 110, 'max_risk_long': 91}
737	1.04	3.33	3.23	431	54	34	5471.02	561.7	298.24	57	59	71	2.533	1.29423	{'ott_len': 32, 'ott_percent': 103, 'ott_bw_up': 124, 'tps_qty_index': 84, 'max_risk_long': 91}
743	1.44	1.52	5.68	322	41	24	4523.04	379.26	235.29	59	59	83	2.88	2.4252	{'ott_len': 70, 'ott_percent': 129, 'ott_bw_up': 116, 'tps_qty_index': 16, 'max_risk_long': 82}
745	1.46	-0.02	5.3	278	33	24	3977.94	253.98	235.61	56	55	83	2.247	2.74586	{'ott_len': 68, 'ott_percent': 170, 'ott_bw_up': 134, 'tps_qty_index': 69, 'max_risk_long': 52}
746	1.24	2.23	5.07	362	44	28	4841.02	431.5	256.01	57	64	68	2.847	1.98807	{'ott_len': 73, 'ott_percent': 129, 'ott_bw_up': 111, 'tps_qty_index': 65, 'max_risk_long': 81}
748	1.15	5.7	3.74	112	10	11	1099.16	87.68	93.5	54	100	82	3.53	2.28226	{'ott_len': 33, 'ott_percent': 78, 'ott_bw_up': 147, 'tps_qty_index': 86, 'max_risk_long': 52}
749	1.1	5.8	4.29	142	10	13	1257.34	85.08	112.03	61	90	92	3.73	2.39952	{'ott_len': 33, 'ott_percent': 103, 'ott_bw_up': 149, 'tps_qty_index': 110, 'max_risk_long': 49}
751	1.34	3.45	3.37	199	16	16	2207.98	132.06	138.85	63	69	75	2.72	1.19578	{'ott_len': 31, 'ott_percent': 103, 'ott_bw_up': 147, 'tps_qty_index': 107, 'max_risk_long': 55}
753	1.85	3.7	3.49	263	25	18	5062.13	221.77	157.77	53	64	72	3.013	1.01293	{'ott_len': 33, 'ott_percent': 170, 'ott_bw_up': 171, 'tps_qty_index': 59, 'max_risk_long': 65}
757	2.04	0.78	5.55	286	31	24	5244.51	262.6	229.52	59	55	83	2.79	2.47186	{'ott_len': 70, 'ott_percent': 129, 'ott_bw_up': 116, 'tps_qty_index': 93, 'max_risk_long': 65}
760	1.4	3.39	3.85	301	37	21	4660.54	340.3	185.4	59	70	76	2.88	1.30219	{'ott_len': 33, 'ott_percent': 129, 'ott_bw_up': 149, 'tps_qty_index': 98, 'max_risk_long': 91}
775	1.47	3.04	3.71	147	18	13	1622.96	152.6	112.45	62	78	77	2.74	1.14974	{'ott_len': 33, 'ott_percent': 129, 'ott_bw_up': 171, 'tps_qty_index': 79, 'max_risk_long': 65}
776	1.14	1.01	2.84	766	127	69	9945.23	1117.21	615.95	53	52	64	1.663	1.02109	{'ott_len': 31, 'ott_percent': 202, 'ott_bw_up': 147, 'tps_qty_index': 37, 'max_risk_long': 65}
777	1.23	5.54	4.04	162	18	12	1657.93	165.22	102.71	59	89	83	3.603	2.18793	{'ott_len': 33, 'ott_percent': 78, 'ott_bw_up': 147, 'tps_qty_index': 84, 'max_risk_long': 67}
782	1.16	4.18	3.65	254	29	15	3175.34	289.3	129.63	53	69	87	2.997	1.61252	{'ott_len': 33, 'ott_percent': 112, 'ott_bw_up': 149, 'tps_qty_index': 94, 'max_risk_long': 80}
785	1.2	0.67	3.44	595	86	53	8028.21	718.27	515.07	53	50	64	1.77	1.47034	{'ott_len': 33, 'ott_percent': 170, 'ott_bw_up': 138, 'tps_qty_index': 70, 'max_risk_long': 52}
787	1.17	3.15	3.4	415	50	32	6035.14	487.54	284.52	56	62	66	2.573	1.22173	{'ott_len': 31, 'ott_percent': 157, 'ott_bw_up': 149, 'tps_qty_index': 98, 'max_risk_long': 60}
795	1.18	1.0	3.42	803	140	70	10308.45	1254.56	701.15	49	50	61	1.867	1.34823	{'ott_len': 40, 'ott_percent': 78, 'ott_bw_up': 81, 'tps_qty_index': 17, 'max_risk_long': 65}
799	1.11	3.9	3.85	95	7	12	923.73	57.77	100.49	57	86	83	2.953	1.59657	{'ott_len': 48, 'ott_percent': 78, 'ott_bw_up': 139, 'tps_qty_index': 65, 'max_risk_long': 61}
800	1.04	4.05	4.02	238	29	14	2549.49	269.83	121.61	61	76	86	3.037	1.72923	{'ott_len': 32, 'ott_percent': 103, 'ott_bw_up': 147, 'tps_qty_index': 84, 'max_risk_long': 77}
802	1.03	1.35	2.59	1357	209	134	14526.27	1868.67	1283.21	50	54	52	1.657	0.82397	{'ott_len': 31, 'ott_percent': 133, 'ott_bw_up': 94, 'tps_qty_index': 42, 'max_risk_long': 55}
811	1.86	2.92	3.4	235	21	20	3365.75	175.64	175.83	56	62	70	2.727	0.78799	{'ott_len': 33, 'ott_percent': 129, 'ott_bw_up': 149, 'tps_qty_index': 69, 'max_risk_long': 52}
812	1.45	0.06	3.85	146	14	14	2061.61	109.26	126.06	60	50	93	1.787	1.9173	{'ott_len': 68, 'ott_percent': 129, 'ott_bw_up': 135, 'tps_qty_index': 65, 'max_risk_long': 66}
813	1.23	2.14	2.74	471	60	39	6311.54	508.19	361.25	58	60	67	2.037	0.76029	{'ott_len': 33, 'ott_percent': 176, 'ott_bw_up': 149, 'tps_qty_index': 86, 'max_risk_long': 52}
814	1.31	1.91	3.72	713	117	62	9888.31	1104.63	634.4	53	55	66	2.313	1.2546	{'ott_len': 37, 'ott_percent': 129, 'ott_bw_up': 111, 'tps_qty_index': 42, 'max_risk_long': 65}
820	1.14	2.74	2.92	72	5	8	720.94	40.89	65.61	57	80	75	2.267	0.97986	{'ott_len': 48, 'ott_percent': 78, 'ott_bw_up': 147, 'tps_qty_index': 10, 'max_risk_long': 61}
821	1.56	2.81	3.23	267	25	23	3453.19	214.24	204.19	56	56	70	2.533	0.8687	{'ott_len': 33, 'ott_percent': 129, 'ott_bw_up': 145, 'tps_qty_index': 69, 'max_risk_long': 52}
823	1.17	3.67	4.24	206	28	13	2275.47	256.53	112.42	62	75	85	3.027	1.63298	{'ott_len': 33, 'ott_percent': 91, 'ott_bw_up': 147, 'tps_qty_index': 84, 'max_risk_long': 85}
832	1.17	0.3	4.67	404	47	33	5347.67	367.51	320.25	55	51	76	2.047	2.31314	{'ott_len': 40, 'ott_percent': 78, 'ott_bw_up': 104, 'tps_qty_index': 69, 'max_risk_long': 65}
833	1.19	0.34	4.14	438	56	37	5660.29	433.11	360.1	58	59	73	1.89	1.99437	{'ott_len': 44, 'ott_percent': 103, 'ott_bw_up': 111, 'tps_qty_index': 84, 'max_risk_long': 69}
834	1.07	5.45	3.94	161	18	12	1537.2	166.67	102.51	55	89	83	3.487	2.22491	{'ott_len': 33, 'ott_percent': 78, 'ott_bw_up': 147, 'tps_qty_index': 77, 'max_risk_long': 67}
835	1.47	0.68	5.11	404	47	31	6785.15	409.63	306.38	58	55	74	2.42	2.36286	{'ott_len': 66, 'ott_percent': 129, 'ott_bw_up': 110, 'tps_qty_index': 37, 'max_risk_long': 65}
841	1.79	-0.16	5.07	269	30	22	4604.15	240.11	207.14	58	40	86	2.233	2.64303	{'ott_len': 70, 'ott_percent': 170, 'ott_bw_up': 138, 'tps_qty_index': 93, 'max_risk_long': 65}
845	1.58	1.8	3.98	796	137	70	16530.75	1381.12	700.6	51	47	63	2.453	1.3267	{'ott_len': 33, 'ott_percent': 129, 'ott_bw_up': 111, 'tps_qty_index': 56, 'max_risk_long': 82}
846	1.17	-0.16	2.68	568	85	60	7763.02	661.89	553.58	53	55	67	1.23	1.42095	{'ott_len': 50, 'ott_percent': 103, 'ott_bw_up': 92, 'tps_qty_index': 42, 'max_risk_long': 45}
850	1.88	2.48	3.01	214	19	19	2749.88	156.61	164.41	58	63	74	2.457	0.56536	{'ott_len': 33, 'ott_percent': 129, 'ott_bw_up': 149, 'tps_qty_index': 84, 'max_risk_long': 50}
853	1.48	0.36	3.84	681	110	62	11081.57	886.11	628.97	53	50	68	1.893	1.77644	{'ott_len': 33, 'ott_percent': 170, 'ott_bw_up': 134, 'tps_qty_index': 69, 'max_risk_long': 52}
854	1.29	5.88	4.26	151	10	14	1415.89	86.03	120.73	63	90	86	3.81	2.32785	{'ott_len': 33, 'ott_percent': 103, 'ott_bw_up': 147, 'tps_qty_index': 110, 'max_risk_long': 49}
855	1.92	-0.09	4.43	303	34	21	4802.63	271.06	197.39	56	59	71	2.087	2.2646	{'ott_len': 68, 'ott_percent': 78, 'ott_bw_up': 88, 'tps_qty_index': 18, 'max_risk_long': 49}
856	1.39	3.88	3.66	200	16	16	2254.92	133.12	138.88	66	81	75	2.977	1.37849	{'ott_len': 31, 'ott_percent': 103, 'ott_bw_up': 147, 'tps_qty_index': 110, 'max_risk_long': 55}
858	1.25	-0.11	3.51	599	86	53	8819.82	681.05	532.02	52	47	64	1.55	1.82855	{'ott_len': 33, 'ott_percent': 170, 'ott_bw_up': 138, 'tps_qty_index': 64, 'max_risk_long': 52}
863	2.03	0.07	4.13	216	22	19	3821.79	175.98	173.57	56	41	84	2.077	2.0304	{'ott_len': 70, 'ott_percent': 170, 'ott_bw_up': 138, 'tps_qty_index': 57, 'max_risk_long': 52}
864	1.24	-0.48	3.67	437	65	33	5965.59	523.1	298.25	56	51	61	1.477	2.0851	{'ott_len': 62, 'ott_percent': 129, 'ott_bw_up': 111, 'tps_qty_index': 65, 'max_risk_long': 91}
867	1.18	5.44	3.79	164	11	13	1667.29	94.67	111.23	52	82	77	3.47	2.14795	{'ott_len': 35, 'ott_percent': 78, 'ott_bw_up': 134, 'tps_qty_index': 64, 'max_risk_long': 52}
871	1.16	2.96	4.58	312	36	26	4089.21	316.85	232.48	63	72	77	2.9	1.71079	{'ott_len': 31, 'ott_percent': 129, 'ott_bw_up': 147, 'tps_qty_index': 110, 'max_risk_long': 65}
872	1.17	0.6	4.83	728	121	62	10711.33	1056.47	698.55	52	50	73	2.2	2.29541	{'ott_len': 31, 'ott_percent': 170, 'ott_bw_up': 135, 'tps_qty_index': 38, 'max_risk_long': 93}
882	1.09	0.72	2.92	1158	192	108	10190.44	1551.98	1049.06	48	52	55	1.577	1.17798	{'ott_len': 31, 'ott_percent': 103, 'ott_bw_up': 88, 'tps_qty_index': 72, 'max_risk_long': 55}
891	1.16	0.88	3.67	443	57	34	5739.3	465.66	335.15	51	46	68	1.903	1.53637	{'ott_len': 33, 'ott_percent': 170, 'ott_bw_up': 149, 'tps_qty_index': 64, 'max_risk_long': 52}
897	1.55	0.89	3.66	381	51	27	5840.81	442.21	237.34	61	65	70	2.033	1.44687	{'ott_len': 66, 'ott_percent': 78, 'ott_bw_up': 88, 'tps_qty_index': 84, 'max_risk_long': 67}
907	1.29	1.07	3.0	904	148	83	11240.6	1338.02	817.6	50	50	60	1.787	1.05652	{'ott_len': 33, 'ott_percent': 129, 'ott_bw_up': 105, 'tps_qty_index': 94, 'max_risk_long': 52}
908	1.0	2.79	3.24	113	9	9	1148.21	73.94	75.78	58	56	89	2.343	1.18492	{'ott_len': 40, 'ott_percent': 78, 'ott_bw_up': 147, 'tps_qty_index': 69, 'max_risk_long': 65}
910	1.35	5.84	4.5	238	25	15	2725.52	237.97	128.78	66	80	80	3.897	2.305	{'ott_len': 32, 'ott_percent': 103, 'ott_bw_up': 148, 'tps_qty_index': 110, 'max_risk_long': 91}
914	1.13	2.4	3.24	222	21	16	2623.38	172.32	139.71	58	57	75	2.257	1.06228	{'ott_len': 31, 'ott_percent': 103, 'ott_bw_up': 147, 'tps_qty_index': 42, 'max_risk_long': 65}
916	1.65	0.6	3.49	844	135	80	17124.09	1130.6	793.18	54	54	62	1.913	1.46289	{'ott_len': 33, 'ott_percent': 129, 'ott_bw_up': 108, 'tps_qty_index': 42, 'max_risk_long': 79}
918	2.01	2.92	3.02	246	21	21	3777.53	175.64	184.37	58	62	67	2.65	0.55651	{'ott_len': 33, 'ott_percent': 129, 'ott_bw_up': 147, 'tps_qty_index': 69, 'max_risk_long': 52}
919	1.5	3.73	3.56	280	30	20	5130.03	269.57	177.57	55	67	75	2.93	1.24133	{'ott_len': 33, 'ott_percent': 129, 'ott_bw_up': 149, 'tps_qty_index': 11, 'max_risk_long': 65}
925	1.84	-0.48	4.87	279	30	22	5367.84	234.2	206.62	55	40	86	2.077	2.68284	{'ott_len': 70, 'ott_percent': 170, 'ott_bw_up': 138, 'tps_qty_index': 57, 'max_risk_long': 65}
926	1.43	1.21	3.39	618	96	51	11479.39	831.26	505.29	53	50	63	2.01	1.20017	{'ott_len': 33, 'ott_percent': 156, 'ott_bw_up': 134, 'tps_qty_index': 64, 'max_risk_long': 86}
936	1.02	5.39	3.08	93	10	10	852.06	88.14	84.06	48	90	70	3.163	2.18619	{'ott_len': 33, 'ott_percent': 78, 'ott_bw_up': 149, 'tps_qty_index': 65, 'max_risk_long': 50}
939	1.07	1.27	2.75	1158	191	107	10087.92	1674.54	1028.69	49	53	53	1.697	0.91768	{'ott_len': 31, 'ott_percent': 103, 'ott_bw_up': 88, 'tps_qty_index': 40, 'max_risk_long': 55}
940	1.05	5.07	3.46	102	9	11	949.82	77.72	93.37	47	89	73	3.193	2.02322	{'ott_len': 33, 'ott_percent': 78, 'ott_bw_up': 147, 'tps_qty_index': 69, 'max_risk_long': 49}
941	1.61	4.7	4.0	229	27	14	3065.63	266.39	120.99	60	74	86	3.437	1.6202	{'ott_len': 32, 'ott_percent': 103, 'ott_bw_up': 149, 'tps_qty_index': 98, 'max_risk_long': 91}
945	1.84	6.18	4.13	164	11	12	1919.45	95.43	102.95	65	91	92	4.05	2.17111	{'ott_len': 32, 'ott_percent': 103, 'ott_bw_up': 149, 'tps_qty_index': 110, 'max_risk_long': 52}
948	1.27	1.42	4.03	475	68	37	8132.37	591.94	371.96	51	46	68	2.24	1.552	{'ott_len': 33, 'ott_percent': 170, 'ott_bw_up': 149, 'tps_qty_index': 59, 'max_risk_long': 65}
949	2.02	3.51	3.42	242	22	20	4167.72	187.89	174.87	57	64	70	2.983	0.83548	{'ott_len': 33, 'ott_percent': 129, 'ott_bw_up': 149, 'tps_qty_index': 77, 'max_risk_long': 55}
950	1.15	2.22	2.03	753	113	67	10748.65	1116.63	574.33	51	54	63	1.8	0.57088	{'ott_len': 29, 'ott_percent': 129, 'ott_bw_up': 116, 'tps_qty_index': 93, 'max_risk_long': 58}
951	1.62	3.94	3.33	287	34	21	4520.07	304.02	181.98	64	79	76	2.963	1.20268	{'ott_len': 34, 'ott_percent': 129, 'ott_bw_up': 147, 'tps_qty_index': 110, 'max_risk_long': 66}
953	1.79	-0.44	5.07	270	30	22	4775.76	235.51	208.33	59	43	86	2.14	2.77162	{'ott_len': 70, 'ott_percent': 170, 'ott_bw_up': 138, 'tps_qty_index': 37, 'max_risk_long': 65}
954	1.62	3.76	4.23	265	24	20	4109.59	204.63	175.06	64	83	80	3.203	1.3912	{'ott_len': 33, 'ott_percent': 129, 'ott_bw_up': 149, 'tps_qty_index': 110, 'max_risk_long': 61}
955	1.32	0.87	3.46	783	117	69	11034.52	970.84	658.9	51	51	67	1.883	1.38385	{'ott_len': 33, 'ott_percent': 78, 'ott_bw_up': 88, 'tps_qty_index': 42, 'max_risk_long': 65}
969	1.46	3.01	3.84	283	32	20	4836.57	278.64	176.61	57	66	80	2.77	1.20801	{'ott_len': 33, 'ott_percent': 129, 'ott_bw_up': 149, 'tps_qty_index': 41, 'max_risk_long': 67}
971	1.54	3.8	3.56	280	31	20	5076.12	281.68	175.66	53	61	75	2.967	1.24134	{'ott_len': 33, 'ott_percent': 129, 'ott_bw_up': 149, 'tps_qty_index': 59, 'max_risk_long': 65}
979	2.04	-0.07	4.06	289	30	23	4826.51	244.43	208.23	60	57	78	2.01	2.06516	{'ott_len': 70, 'ott_percent': 78, 'ott_bw_up': 88, 'tps_qty_index': 72, 'max_risk_long': 53}
981	1.77	-0.13	5.11	273	30	22	4378.65	241.17	204.09	63	53	86	2.25	2.65277	{'ott_len': 70, 'ott_percent': 170, 'ott_bw_up': 138, 'tps_qty_index': 84, 'max_risk_long': 65}
982	1.36	-0.08	3.83	378	63	47	4470.24	502.4	454.92	49	46	68	1.703	1.97748	{'ott_len': 39, 'ott_percent': 78, 'ott_bw_up': 89, 'tps_qty_index': 77, 'max_risk_long': 34}
983	1.5	-0.92	3.85	256	26	19	3581.54	203.01	180.15	52	54	79	1.477	2.38509	{'ott_len': 68, 'ott_percent': 78, 'ott_bw_up': 88, 'tps_qty_index': 56, 'max_risk_long': 44}
985	1.46	2.85	3.05	144	18	13	1795.25	153.79	111.36	57	61	77	2.453	0.86604	{'ott_len': 33, 'ott_percent': 127, 'ott_bw_up': 171, 'tps_qty_index': 57, 'max_risk_long': 65}
991	1.63	1.83	4.25	350	43	25	5262.82	398.54	241.42	57	60	80	2.57	1.45836	{'ott_len': 68, 'ott_percent': 78, 'ott_bw_up': 88, 'tps_qty_index': 72, 'max_risk_long': 65}
994	1.34	1.98	3.22	397	51	34	6731.96	473.19	306.18	55	55	68	2.18	0.95582	{'ott_len': 33, 'ott_percent': 153, 'ott_bw_up': 149, 'tps_qty_index': 66, 'max_risk_long': 79}
1001	1.35	0.39	2.24	196	14	17	2124.06	110.56	146.36	56	50	65	1.327	0.92522	{'ott_len': 33, 'ott_percent': 129, 'ott_bw_up': 147, 'tps_qty_index': 65, 'max_risk_long': 45}
1004	1.16	5.65	3.72	112	10	11	1085.42	87.45	93.48	54	100	82	3.51	2.25235	{'ott_len': 33, 'ott_percent': 78, 'ott_bw_up': 147, 'tps_qty_index': 104, 'max_risk_long': 52}
1006	1.56	0.87	5.42	289	32	24	3733.3	269.66	220.12	67	62	88	2.617	2.45215	{'ott_len': 70, 'ott_percent': 129, 'ott_bw_up': 116, 'tps_qty_index': 110, 'max_risk_long': 65}
1007	1.03	5.71	4.15	127	8	12	1231.49	67.84	102.5	60	100	92	3.63	2.38294	{'ott_len': 31, 'ott_percent': 78, 'ott_bw_up': 147, 'tps_qty_index': 110, 'max_risk_long': 52}
1010	1.05	1.39	3.34	813	127	70	9455.41	1110.83	666.23	52	51	66	1.927	1.23573	{'ott_len': 33, 'ott_percent': 78, 'ott_bw_up': 88, 'tps_qty_index': 41, 'max_risk_long': 79}
1012	1.46	1.12	2.92	674	105	62	11124.45	897.88	554.36	51	46	65	1.833	0.95631	{'ott_len': 32, 'ott_percent': 129, 'ott_bw_up': 116, 'tps_qty_index': 93, 'max_risk_long': 52}
1013	1.7	2.41	2.57	212	18	19	2683.33	148.86	166.43	55	61	68	2.227	0.46307	{'ott_len': 33, 'ott_percent': 129, 'ott_bw_up': 149, 'tps_qty_index': 11, 'max_risk_long': 50}
1031	1.44	1.77	3.32	861	141	81	11802.01	1300.84	763.71	58	61	64	2.177	1.00381	{'ott_len': 33, 'ott_percent': 129, 'ott_bw_up': 107, 'tps_qty_index': 110, 'max_risk_long': 61}
1033	1.94	0.17	3.97	214	22	19	2909.11	177.79	167.69	68	59	84	2.027	1.90148	{'ott_len': 70, 'ott_percent': 170, 'ott_bw_up': 138, 'tps_qty_index': 110, 'max_risk_long': 52}
1034	1.11	0.99	2.56	167	18	14	2257.06	142.69	123.94	55	50	71	1.553	0.87386	{'ott_len': 68, 'ott_percent': 78, 'ott_bw_up': 109, 'tps_qty_index': 18, 'max_risk_long': 74}
1035	1.27	2.49	2.69	50	4	7	501.63	32.02	59.94	62	50	100	2.15	0.76864	{'ott_len': 65, 'ott_percent': 129, 'ott_bw_up': 149, 'tps_qty_index': 65, 'max_risk_long': 52}
1036	1.05	1.22	4.38	488	75	37	6506.85	601.67	352.77	62	63	78	2.217	1.87543	{'ott_len': 33, 'ott_percent': 170, 'ott_bw_up': 149, 'tps_qty_index': 110, 'max_risk_long': 88}
1037	1.24	5.35	3.48	145	18	11	1473.19	169.11	93.26	54	83	73	3.357	2.05777	{'ott_len': 33, 'ott_percent': 78, 'ott_bw_up': 149, 'tps_qty_index': 64, 'max_risk_long': 66}
1045	2.0	0.41	4.94	245	27	21	3979.14	221.15	193.92	64	56	86	2.45	2.29828	{'ott_len': 70, 'ott_percent': 170, 'ott_bw_up': 138, 'tps_qty_index': 84, 'max_risk_long': 57}
1050	1.7	3.88	3.87	288	30	21	4999.21	258.53	183.65	65	83	76	3.15	1.25575	{'ott_len': 33, 'ott_percent': 129, 'ott_bw_up': 147, 'tps_qty_index': 110, 'max_risk_long': 66}
1052	1.31	0.84	4.06	388	52	25	4566.58	456.07	239.85	55	65	68	2.07	1.73934	{'ott_len': 68, 'ott_percent': 78, 'ott_bw_up': 88, 'tps_qty_index': 18, 'max_risk_long': 98}
1053	1.38	3.69	3.57	143	17	13	1613.14	149.43	112.34	57	76	77	2.88	1.30042	{'ott_len': 33, 'ott_percent': 129, 'ott_bw_up': 171, 'tps_qty_index': 77, 'max_risk_long': 65}
1056	1.88	3.52	3.43	255	24	18	5267.07	211.52	156.38	57	67	72	2.943	0.92197	{'ott_len': 33, 'ott_percent': 170, 'ott_bw_up': 171, 'tps_qty_index': 11, 'max_risk_long': 65}
1058	1.54	6.83	3.82	174	14	14	1975.41	123.32	121.19	66	100	86	4.063	2.65338	{'ott_len': 31, 'ott_percent': 94, 'ott_bw_up': 147, 'tps_qty_index': 110, 'max_risk_long': 55}
1060	1.48	3.06	3.94	191	16	14	2409.79	134.1	121.51	58	62	86	2.827	1.24649	{'ott_len': 32, 'ott_percent': 103, 'ott_bw_up': 147, 'tps_qty_index': 77, 'max_risk_long': 55}
1061	1.78	5.47	3.99	154	9	12	1707.81	76.11	103.77	62	89	92	3.747	1.857	{'ott_len': 32, 'ott_percent': 103, 'ott_bw_up': 149, 'tps_qty_index': 106, 'max_risk_long': 50}
1067	1.82	-0.66	4.78	302	33	21	4073.73	255.25	189.97	65	64	81	1.98	2.72353	{'ott_len': 68, 'ott_percent': 78, 'ott_bw_up': 88, 'tps_qty_index': 110, 'max_risk_long': 49}
1069	1.39	4.51	4.23	295	34	20	4316.07	310.7	175.06	65	82	80	3.377	1.72619	{'ott_len': 33, 'ott_percent': 129, 'ott_bw_up': 149, 'tps_qty_index': 110, 'max_risk_long': 79}
1074	1.12	5.63	4.31	205	22	15	2327.72	212.57	131.25	60	86	87	3.687	2.31871	{'ott_len': 33, 'ott_percent': 103, 'ott_bw_up': 147, 'tps_qty_index': 106, 'max_risk_long': 64}
1081	1.18	1.38	3.92	440	57	34	6926.0	500.89	315.2	55	56	76	2.16	1.52748	{'ott_len': 33, 'ott_percent': 129, 'ott_bw_up': 133, 'tps_qty_index': 65, 'max_risk_long': 94}
1082	1.1	2.9	2.95	55	3	8	498.91	24.69	66.29	60	100	75	2.317	1.05396	{'ott_len': 56, 'ott_percent': 78, 'ott_bw_up': 138, 'tps_qty_index': 35, 'max_risk_long': 57}
1084	1.29	4.07	2.96	103	8	12	1020.15	66.8	101.79	53	62	75	2.773	1.39937	{'ott_len': 33, 'ott_percent': 129, 'ott_bw_up': 171, 'tps_qty_index': 59, 'max_risk_long': 52}
1087	2.16	2.92	3.37	245	20	21	3761.45	164.78	181.47	65	80	71	2.817	0.61158	{'ott_len': 33, 'ott_percent': 129, 'ott_bw_up': 147, 'tps_qty_index': 110, 'max_risk_long': 52}
1089	1.12	2.68	3.09	338	35	28	3995.05	303.22	242.27	59	69	71	2.297	1.03944	{'ott_len': 32, 'ott_percent': 78, 'ott_bw_up': 116, 'tps_qty_index': 110, 'max_risk_long': 52}
1092	2.06	0.01	4.46	215	21	19	3645.61	168.89	178.18	60	52	84	2.177	2.22729	{'ott_len': 70, 'ott_percent': 170, 'ott_bw_up': 138, 'tps_qty_index': 32, 'max_risk_long': 52}
1094	1.52	5.8	4.25	158	10	13	1701.72	85.08	112.04	63	90	92	3.857	2.16694	{'ott_len': 33, 'ott_percent': 103, 'ott_bw_up': 149, 'tps_qty_index': 110, 'max_risk_long': 52}
1105	1.62	3.07	3.6	254	23	18	4222.35	197.92	159.1	54	61	72	2.763	1.025	{'ott_len': 33, 'ott_percent': 170, 'ott_bw_up': 171, 'tps_qty_index': 64, 'max_risk_long': 63}
1106	1.78	2.9	2.41	262	25	25	3589.0	215.63	214.75	56	52	64	2.363	0.56146	{'ott_len': 33, 'ott_percent': 150, 'ott_bw_up': 155, 'tps_qty_index': 69, 'max_risk_long': 52}
1107	1.1	2.16	2.66	338	33	30	3912.64	289.6	261.02	56	55	70	1.973	0.79658	{'ott_len': 33, 'ott_percent': 129, 'ott_bw_up': 138, 'tps_qty_index': 84, 'max_risk_long': 50}
1108	1.33	-0.07	3.38	155	13	12	2170.98	97.69	105.17	55	38	100	1.547	1.73518	{'ott_len': 70, 'ott_percent': 129, 'ott_bw_up': 138, 'tps_qty_index': 57, 'max_risk_long': 76}
1109	1.87	2.96	3.13	234	21	20	3453.81	176.62	173.71	53	57	70	2.653	0.68369	{'ott_len': 33, 'ott_percent': 129, 'ott_bw_up': 149, 'tps_qty_index': 57, 'max_risk_long': 52}
1113	1.96	2.69	3.65	234	21	20	3268.46	173.14	174.5	59	67	75	2.767	0.8476	{'ott_len': 33, 'ott_percent': 129, 'ott_bw_up': 149, 'tps_qty_index': 116, 'max_risk_long': 52}
1114	1.93	-1.0	4.52	304	34	21	5313.12	258.65	201.62	56	47	81	1.817	2.76174	{'ott_len': 68, 'ott_percent': 78, 'ott_bw_up': 88, 'tps_qty_index': 25, 'max_risk_long': 49}
1118	1.24	3.49	4.11	192	15	15	2156.63	130.0	131.03	51	73	80	2.947	1.51018	{'ott_len': 33, 'ott_percent': 78, 'ott_bw_up': 134, 'tps_qty_index': 64, 'max_risk_long': 55}
1123	1.29	4.33	3.22	63	7	9	594.05	58.05	75.67	59	86	78	2.947	1.53832	{'ott_len': 33, 'ott_percent': 129, 'ott_bw_up': 171, 'tps_qty_index': 77, 'max_risk_long': 46}
1124	1.43	4.18	2.9	275	32	20	4037.55	290.78	172.42	61	72	75	2.837	1.37609	{'ott_len': 34, 'ott_percent': 129, 'ott_bw_up': 149, 'tps_qty_index': 84, 'max_risk_long': 66}
1125	1.54	3.74	3.71	277	30	20	4915.62	265.48	177.08	56	67	75	2.997	1.2616	{'ott_len': 33, 'ott_percent': 129, 'ott_bw_up': 149, 'tps_qty_index': 65, 'max_risk_long': 66}
1127	1.3	4.06	3.3	120	7	12	1112.16	58.79	102.09	56	71	83	2.887	1.42567	{'ott_len': 32, 'ott_percent': 129, 'ott_bw_up': 171, 'tps_qty_index': 98, 'max_risk_long': 52}
1130	1.32	1.0	2.9	132	7	12	1484.5	54.83	103.77	53	43	75	1.74	1.01725	{'ott_len': 45, 'ott_percent': 129, 'ott_bw_up': 149, 'tps_qty_index': 59, 'max_risk_long': 52}
1135	1.95	3.07	3.49	235	21	20	3420.51	175.27	174.0	58	67	75	2.837	0.79607	{'ott_len': 33, 'ott_percent': 129, 'ott_bw_up': 149, 'tps_qty_index': 84, 'max_risk_long': 52}
1136	1.12	2.9	3.54	200	23	14	2299.95	205.22	121.86	50	65	86	2.52	1.25395	{'ott_len': 33, 'ott_percent': 103, 'ott_bw_up': 149, 'tps_qty_index': 59, 'max_risk_long': 65}
1138	1.1	4.61	4.45	382	49	29	4351.47	473.47	263.41	61	69	79	3.387	1.98193	{'ott_len': 30, 'ott_percent': 147, 'ott_bw_up': 147, 'tps_qty_index': 110, 'max_risk_long': 55}
1140	1.78	3.98	3.84	154	14	13	1839.88	121.03	110.96	58	79	85	3.2	1.23175	{'ott_len': 33, 'ott_percent': 94, 'ott_bw_up': 147, 'tps_qty_index': 92, 'max_risk_long': 55}
1145	1.04	4.33	3.7	256	23	21	2766.54	207.08	186.3	57	61	76	3.023	1.74626	{'ott_len': 31, 'ott_percent': 103, 'ott_bw_up': 139, 'tps_qty_index': 42, 'max_risk_long': 56}
1146	1.16	5.48	3.61	113	10	11	1035.31	85.64	93.06	58	90	82	3.417	2.16648	{'ott_len': 34, 'ott_percent': 86, 'ott_bw_up': 147, 'tps_qty_index': 86, 'max_risk_long': 52}
1148	1.71	1.85	3.1	143	8	14	1870.37	64.7	123.47	60	50	71	2.22	0.76531	{'ott_len': 45, 'ott_percent': 129, 'ott_bw_up': 149, 'tps_qty_index': 77, 'max_risk_long': 55}
1149	1.32	3.63	3.55	304	39	21	4656.42	390.49	183.24	53	64	71	2.833	1.3112	{'ott_len': 33, 'ott_percent': 129, 'ott_bw_up': 149, 'tps_qty_index': 59, 'max_risk_long': 91}
1153	1.5	4.24	3.56	308	36	21	4663.45	322.43	184.25	61	69	76	3.1	1.42674	{'ott_len': 33, 'ott_percent': 129, 'ott_bw_up': 147, 'tps_qty_index': 104, 'max_risk_long': 77}
1155	1.19	2.42	3.7	452	56	40	6238.78	518.84	372.33	53	50	72	2.437	1.25508	{'ott_len': 33, 'ott_percent': 103, 'ott_bw_up': 116, 'tps_qty_index': 93, 'max_risk_long': 52}
1158	1.81	5.82	4.13	154	9	12	1716.1	76.03	102.95	64	89	92	3.92	2.01323	{'ott_len': 32, 'ott_percent': 103, 'ott_bw_up': 149, 'tps_qty_index': 110, 'max_risk_long': 50}
1159	1.96	0.21	4.07	289	29	23	4358.11	240.74	206.36	59	59	78	2.08	1.9328	{'ott_len': 70, 'ott_percent': 78, 'ott_bw_up': 88, 'tps_qty_index': 69, 'max_risk_long': 52}
1161	1.42	2.6	3.24	393	48	35	7549.55	485.89	319.35	54	54	69	2.42	0.92326	{'ott_len': 33, 'ott_percent': 170, 'ott_bw_up': 156, 'tps_qty_index': 11, 'max_risk_long': 65}
1164	1.28	2.56	3.57	177	21	13	1905.45	176.04	109.58	62	71	77	2.47	1.14765	{'ott_len': 32, 'ott_percent': 78, 'ott_bw_up': 148, 'tps_qty_index': 104, 'max_risk_long': 91}
1166	1.26	5.91	4.03	112	10	11	1109.44	87.15	93.54	62	100	91	3.733	2.33915	{'ott_len': 33, 'ott_percent': 78, 'ott_bw_up': 147, 'tps_qty_index': 110, 'max_risk_long': 52}
1167	2.02	2.92	3.76	234	20	20	3378.03	164.78	173.08	63	80	75	2.9	0.87017	{'ott_len': 33, 'ott_percent': 129, 'ott_bw_up': 149, 'tps_qty_index': 110, 'max_risk_long': 52}
1168	1.09	1.3	3.62	818	133	75	9776.56	1133.31	687.91	56	57	67	2.003	1.40401	{'ott_len': 31, 'ott_percent': 94, 'ott_bw_up': 95, 'tps_qty_index': 110, 'max_risk_long': 55}
1173	1.88	3.1	3.42	232	21	20	3369.3	176.89	174.87	56	62	70	2.8	0.81265	{'ott_len': 33, 'ott_percent': 129, 'ott_bw_up': 149, 'tps_qty_index': 77, 'max_risk_long': 52}
1174	1.54	5.24	3.83	168	10	14	1871.64	86.42	121.67	57	80	86	3.537	1.86736	{'ott_len': 33, 'ott_percent': 103, 'ott_bw_up': 147, 'tps_qty_index': 99, 'max_risk_long': 52}
1180	1.88	3.48	3.34	245	22	20	3925.61	186.59	174.07	57	64	70	2.9	0.88612	{'ott_len': 33, 'ott_percent': 129, 'ott_bw_up': 149, 'tps_qty_index': 75, 'max_risk_long': 55}
1181	1.39	4.64	3.74	166	11	14	1793.3	94.23	121.37	61	82	79	3.257	1.67804	{'ott_len': 31, 'ott_percent': 94, 'ott_bw_up': 149, 'tps_qty_index': 106, 'max_risk_long': 55}
1186	1.03	3.52	3.76	402	48	31	6190.52	516.49	275.06	50	56	77	2.77	1.51165	{'ott_len': 33, 'ott_percent': 103, 'ott_bw_up': 125, 'tps_qty_index': 59, 'max_risk_long': 65}
1189	1.72	5.82	3.99	161	11	12	1816.87	95.68	103.77	62	91	92	3.843	2.05393	{'ott_len': 32, 'ott_percent': 103, 'ott_bw_up': 149, 'tps_qty_index': 106, 'max_risk_long': 52}
1190	1.18	5.02	4.5	243	29	15	2722.37	272.68	128.78	65	79	80	3.567	2.0832	{'ott_len': 32, 'ott_percent': 103, 'ott_bw_up': 147, 'tps_qty_index': 110, 'max_risk_long': 91}
1191	1.26	2.77	3.45	346	34	30	4422.72	319.07	264.95	50	50	70	2.493	1.12091	{'ott_len': 33, 'ott_percent': 129, 'ott_bw_up': 139, 'tps_qty_index': 59, 'max_risk_long': 52}
1193	1.44	4.96	3.86	158	10	13	1677.95	84.45	112.03	56	80	85	3.42	1.80078	{'ott_len': 33, 'ott_percent': 103, 'ott_bw_up': 149, 'tps_qty_index': 99, 'max_risk_long': 52}
1196	1.23	0.51	3.8	442	57	34	6382.92	454.27	336.29	50	42	68	1.847	1.72952	{'ott_len': 33, 'ott_percent': 170, 'ott_bw_up': 149, 'tps_qty_index': 57, 'max_risk_long': 52}
1197	1.26	1.79	3.06	914	144	84	10826.71	1323.13	798.8	51	56	58	2.037	0.925	{'ott_len': 33, 'ott_percent': 103, 'ott_bw_up': 93, 'tps_qty_index': 99, 'max_risk_long': 52}
1198	1.98	2.95	3.29	244	20	20	3995.38	163.5	173.29	57	65	70	2.74	0.67978	{'ott_len': 33, 'ott_percent': 129, 'ott_bw_up': 149, 'tps_qty_index': 92, 'max_risk_long': 55}
1204	1.18	5.54	3.73	146	18	11	1435.11	165.22	93.46	62	89	82	3.483	2.19044	{'ott_len': 33, 'ott_percent': 78, 'ott_bw_up': 149, 'tps_qty_index': 84, 'max_risk_long': 67}
1208	2.05	-0.1	4.06	278	28	22	4805.82	227.27	197.9	59	57	77	2.003	2.08039	{'ott_len': 70, 'ott_percent': 78, 'ott_bw_up': 88, 'tps_qty_index': 93, 'max_risk_long': 51}
1210	1.54	1.77	2.69	188	16	16	2238.11	130.0	137.39	56	56	69	2.0	0.60852	{'ott_len': 33, 'ott_percent': 129, 'ott_bw_up': 149, 'tps_qty_index': 75, 'max_risk_long': 46}
1212	1.57	5.21	3.82	169	10	14	1935.88	86.48	120.61	60	90	86	3.533	1.83685	{'ott_len': 33, 'ott_percent': 103, 'ott_bw_up': 147, 'tps_qty_index': 103, 'max_risk_long': 52}
1213	1.33	1.47	4.07	466	65	37	7972.07	548.1	363.54	56	54	68	2.29	1.54311	{'ott_len': 33, 'ott_percent': 170, 'ott_bw_up': 149, 'tps_qty_index': 77, 'max_risk_long': 65}
1214	1.84	3.14	3.33	231	21	20	3379.35	177.79	175.75	55	62	70	2.77	0.81099	{'ott_len': 33, 'ott_percent': 129, 'ott_bw_up': 149, 'tps_qty_index': 32, 'max_risk_long': 52}
1217	1.52	5.6	3.99	167	10	14	1885.51	86.54	121.95	59	90	86	3.703	2.05505	{'ott_len': 33, 'ott_percent': 103, 'ott_bw_up': 147, 'tps_qty_index': 86, 'max_risk_long': 52}
1220	1.34	5.49	3.96	151	10	14	1456.69	87.06	121.86	59	90	86	3.597	2.09872	{'ott_len': 33, 'ott_percent': 103, 'ott_bw_up': 147, 'tps_qty_index': 50, 'max_risk_long': 49}
1222	1.11	3.18	3.7	372	44	30	6069.78	474.33	265.59	53	57	70	2.663	1.37012	{'ott_len': 33, 'ott_percent': 148, 'ott_bw_up': 149, 'tps_qty_index': 61, 'max_risk_long': 65}
1223	1.33	5.33	3.87	151	10	14	1427.84	85.31	120.99	60	90	86	3.51	2.02415	{'ott_len': 33, 'ott_percent': 103, 'ott_bw_up': 147, 'tps_qty_index': 104, 'max_risk_long': 49}
1224	1.11	0.42	2.69	521	72	43	7540.51	570.36	412.7	49	42	60	1.407	1.16372	{'ott_len': 33, 'ott_percent': 170, 'ott_bw_up': 144, 'tps_qty_index': 59, 'max_risk_long': 52}
1227	1.25	0.64	3.14	136	11	15	1768.04	88.11	134.55	55	36	80	1.677	1.30347	{'ott_len': 61, 'ott_percent': 129, 'ott_bw_up': 138, 'tps_qty_index': 59, 'max_risk_long': 58}
1228	2.0	-0.58	4.89	309	34	25	5814.44	280.42	237.0	56	47	76	2.103	2.73646	{'ott_len': 70, 'ott_percent': 103, 'ott_bw_up': 98, 'tps_qty_index': 12, 'max_risk_long': 50}
1232	1.52	3.4	3.68	271	29	20	4741.29	248.18	175.16	55	66	75	2.867	1.17462	{'ott_len': 33, 'ott_percent': 129, 'ott_bw_up': 149, 'tps_qty_index': 93, 'max_risk_long': 65}
1234	1.32	4.49	3.69	104	5	11	1017.9	41.28	93.48	62	100	91	3.167	1.64852	{'ott_len': 32, 'ott_percent': 78, 'ott_bw_up': 148, 'tps_qty_index': 110, 'max_risk_long': 49}
1236	1.13	1.28	2.78	772	122	72	10882.4	1108.29	648.23	55	53	64	1.73	0.91241	{'ott_len': 32, 'ott_percent': 170, 'ott_bw_up': 131, 'tps_qty_index': 84, 'max_risk_long': 57}
1238	1.39	0.81	4.12	637	98	54	13038.81	836.35	562.88	51	44	67	2.107	1.76755	{'ott_len': 33, 'ott_percent': 170, 'ott_bw_up': 138, 'tps_qty_index': 59, 'max_risk_long': 65}
1243	1.04	3.23	2.4	218	19	18	2052.45	159.58	155.14	49	58	67	2.223	1.10564	{'ott_len': 31, 'ott_percent': 94, 'ott_bw_up': 138, 'tps_qty_index': 57, 'max_risk_long': 52}
1247	1.19	0.62	3.79	449	58	36	6924.26	475.18	354.48	51	47	67	1.867	1.68986	{'ott_len': 33, 'ott_percent': 170, 'ott_bw_up': 149, 'tps_qty_index': 11, 'max_risk_long': 55}
1248	1.53	1.31	3.23	724	116	67	10947.19	986.02	623.62	55	57	67	2.023	1.05078	{'ott_len': 33, 'ott_percent': 129, 'ott_bw_up': 112, 'tps_qty_index': 106, 'max_risk_long': 52}
1250	1.64	5.88	4.21	170	10	14	1954.41	86.03	120.73	64	90	86	3.91	2.13586	{'ott_len': 33, 'ott_percent': 103, 'ott_bw_up': 147, 'tps_qty_index': 110, 'max_risk_long': 52}
1251	1.81	-0.05	4.46	193	20	18	2746.41	162.73	163.02	59	45	83	2.073	2.2665	{'ott_len': 70, 'ott_percent': 170, 'ott_bw_up': 138, 'tps_qty_index': 67, 'max_risk_long': 50}
1252	1.34	1.09	5.08	305	40	23	3916.1	338.91	209.82	68	65	87	2.503	2.23496	{'ott_len': 70, 'ott_percent': 170, 'ott_bw_up': 138, 'tps_qty_index': 110, 'max_risk_long': 91}
1253	1.28	0.6	3.19	380	40	34	4855.72	332.66	313.31	50	42	71	1.69	1.3428	{'ott_len': 33, 'ott_percent': 103, 'ott_bw_up': 118, 'tps_qty_index': 59, 'max_risk_long': 45}
1257	2.18	2.95	2.92	256	20	21	4706.53	163.5	181.64	58	65	67	2.683	0.43616	{'ott_len': 33, 'ott_percent': 129, 'ott_bw_up': 147, 'tps_qty_index': 92, 'max_risk_long': 55}
1259	1.13	4.94	3.75	142	10	13	1264.92	84.75	112.8	51	70	85	3.273	1.94921	{'ott_len': 33, 'ott_percent': 103, 'ott_bw_up': 149, 'tps_qty_index': 68, 'max_risk_long': 49}
1261	1.43	5.22	3.3	174	14	14	1949.97	121.47	120.1	59	79	79	3.317	1.89505	{'ott_len': 31, 'ott_percent': 94, 'ott_bw_up': 147, 'tps_qty_index': 112, 'max_risk_long': 55}
1266	1.63	3.9	3.86	274	31	20	4952.49	277.63	176.17	57	65	75	3.13	1.29919	{'ott_len': 33, 'ott_percent': 129, 'ott_bw_up': 149, 'tps_qty_index': 77, 'max_risk_long': 66}
1267	1.01	-0.45	3.27	431	55	39	5630.17	410.19	388.48	49	45	62	1.277	1.87428	{'ott_len': 36, 'ott_percent': 170, 'ott_bw_up': 147, 'tps_qty_index': 57, 'max_risk_long': 52}
1280	1.07	4.3	2.86	228	21	21	2185.63	184.91	181.14	61	81	71	2.743	1.61816	{'ott_len': 31, 'ott_percent': 78, 'ott_bw_up': 129, 'tps_qty_index': 110, 'max_risk_long': 52}
1281	1.68	6.83	3.49	161	14	13	1765.0	123.32	111.41	65	100	85	4.0	2.6126	{'ott_len': 31, 'ott_percent': 94, 'ott_bw_up': 147, 'tps_qty_index': 110, 'max_risk_long': 52}
1284	1.57	5.64	3.97	168	10	14	1943.38	86.9	122.13	59	90	86	3.727	2.04588	{'ott_len': 33, 'ott_percent': 103, 'ott_bw_up': 147, 'tps_qty_index': 51, 'max_risk_long': 52}
1288	1.24	0.91	4.17	150	12	11	1749.73	94.61	98.32	59	50	100	2.107	1.7945	{'ott_len': 70, 'ott_percent': 170, 'ott_bw_up': 149, 'tps_qty_index': 77, 'max_risk_long': 55}
1289	1.66	5.37	4.5	184	14	15	2284.46	125.26	130.56	65	93	87	3.843	1.94021	{'ott_len': 33, 'ott_percent': 103, 'ott_bw_up': 147, 'tps_qty_index': 110, 'max_risk_long': 55}
1293	1.36	0.84	3.2	620	82	54	9179.65	688.55	511.77	51	45	63	1.8	1.24	{'ott_len': 33, 'ott_percent': 129, 'ott_bw_up': 118, 'tps_qty_index': 57, 'max_risk_long': 52}
1295	1.28	4.49	3.09	190	14	15	2117.14	120.04	130.51	57	64	73	2.953	1.60936	{'ott_len': 31, 'ott_percent': 103, 'ott_bw_up': 149, 'tps_qty_index': 75, 'max_risk_long': 55}
1303	1.59	3.56	4.41	191	16	14	2386.5	134.61	121.09	65	81	86	3.187	1.44659	{'ott_len': 32, 'ott_percent': 103, 'ott_bw_up': 147, 'tps_qty_index': 110, 'max_risk_long': 55}
1308	1.78	-0.48	3.52	711	112	70	12823.51	870.96	695.37	52	47	60	1.607	2.00563	{'ott_len': 33, 'ott_percent': 129, 'ott_bw_up': 111, 'tps_qty_index': 13, 'max_risk_long': 45}
1309	2.2	3.32	3.37	250	21	21	4289.91	174.53	181.47	65	81	71	2.963	0.66154	{'ott_len': 33, 'ott_percent': 129, 'ott_bw_up': 148, 'tps_qty_index': 110, 'max_risk_long': 55}
1312	1.22	3.93	3.29	303	37	22	4034.43	369.94	189.18	53	59	73	2.813	1.41649	{'ott_len': 32, 'ott_percent': 129, 'ott_bw_up': 149, 'tps_qty_index': 93, 'max_risk_long': 91}
